1,Jose,García,Mirón,marcelo@outlook.com,9911362600,1997-12-12,MADA971212HVZRMN04,22000.00,29,5
2,Jose,Martínez,Estudillo,alexis@gmail.com,8897877417,1996-04-18,DIAE960418HOCSVL07,20000.00,19,6
3,Jose,Mendoza,García,omscar@outlook.es,7711589568,1994-04-07,RUVJ940407HOCSSN03,NULL,29,4
4,Jose,Martínez,Espinoza,edgargmail.com,5528356144,1996-05-23,DOML960323HMNMTS00,25000.00,12,5
5,Jose,Tolentino,Martínez,rodrigo@gmail.com,4421436224,1998-03-13,TOMR980313HHGLRD06,NULL,13,5
6,Jose,García,Pérez,jesiel@gmail.com,3317901341,1990-11-08,GAPJ901108HHGRRS00,NULL,13,5
7,Jose,Gonzalez,Lozano,christian@gmail.com,4922153353,1996-06-19,GOLC960619HZSNZH08,NULL,31,4
8,Jose,"Lopez ",Cruz,luis@gmail.com,2235700644,1997-07-15,LOCL970715HGTPRS04,NULL,16,5
10,Jose,Miranda,Espinosa,jesus@gmail.com,2213335247,1997-06-14,MIEJ970614HMCRSS05,NULL,15,4
11,Jose,Cruz,Luna,cecilia@outlook.com,3317052376,1997-08-08,CULC970808MPLRNC02,22000.00,21,4
12,Jose,Gómez,García,baldomero@gmail.com,4419055010,2000-11-08,GOGB001108HPLMRLA2,23000.00,21,4
13,Jose,Rojas,Mantilla,ruben@outlook.com,5594228277,1997-01-17,ROMR910117HVZJNB00,21000.00,30,4
14,Jose,"Apatiga ",Olguín,patricia@gmail.com,6614913002,1998-06-23,AAOA980623MHGPLN03,22000.00,13,4
15,Jose,"Arroyo ",Tavera,brayan@gmail.com,7719034047,1998-04-02,AOTB980402HHGRVR05,20000.00,13,4
16,Jose,Serrano,Berna,carlos@gmail.com,8878893014,2000-03-05,SEBC000305HQTRRRA5,250000.00,22,4
17,Jose,Rasgado,Sarabia,edith@gmail.com,9911777500,1994-04-29,RASE940429MOCSRD00,20000.00,20,4
18,Jose,Marín,Pérez,victor@gmail.com,2215066253,1998-06-04,MAPV980604HDFRRC01,21000.00,12,4
19,Jose,Tafolla,Buenrostro,juanptafolla@gmail.com,3511440366,2000-07-12,TABJ000712HMNFNNA0,700.00,15,4
20,Jose,Hernandez,Peña,dewitteuyeupi-4105@yopmail.com,"939930255 ",1977-08-26,HEPJ770826HNLRNS41,2000.00,18,1
21,Jose,Chavez,Martinez,koddoisomeize-9147@yopmail.com,"965930284 ",1999-01-30,CAMA990130MCMHRL66,NULL,8,4
23,Jose,Jimenez,Martinez,marmar@gmail.com,"939930255 ",1998-01-23,JIMM980123MTLMRR74,7000.00,28,4
25,Jose,Flores,Vega,davflo@gmail.com,"753551898 ",1995-02-17,FOVD950217HVZLGV38,700.00,29,4
26,Jose,Ortega,Chavez,gilort@gmail.com,"639378378 ",2000-06-01,OECG000601HJCRHLX5,700.00,13,4
27,Jose,´Perez,Peña,marper@gmail.com,9853915967,2001-11-12,PEPM011112MCSRNRZ4,700.00,6,4
1020,Jose Eduardo,Martinez,Chavez,lalochz@gmail.com,3511963752,1996-08-30,MACJ960830HGRRHS01,45012.00,13,4
1021,Jose Eduardo,Martinez,Chavez,lalochz@gmail.com,3511963752,1996-08-30,MACJ960830HGRRHS01,45012.00,13,4
